Ürün Adı,Resim URL,Kategoriler
Ohne Zucker Hafer,https://images.openfoodfacts.org/images/products/541/118/812/4689/front_en.249.400.jpg,"en:Beverages and beverages preparations,Alimentos e bebidas à base de plantas,Bebidas,Alimentos à base de plantas,Cereais e Batatas,en:Dairy substitutes,Cereais e seus produtos,Substitutos do leite,Bebidas à base de plantas,Leites de planta,Leites de cereais,Bebidas de aveia"
"Coca-Cola 2,5",https://images.openfoodfacts.org/images/products/544/900/001/6645/front_en.66.400.jpg,"Boissons et préparations de boissons,Boissons,Boissons gazeuses,Sodas,Sodas au cola,Boissons avec sucre ajouté"
Tomato Ketchup,https://images.openfoodfacts.org/images/products/000/008/715/7260/front_en.100.400.jpg,"Condimentos,Molhos,Molhos de tomate,Ketchup,en:Tomato Ketchup"
Sprite,https://images.openfoodfacts.org/images/products/544/900/001/2203/front_tr.93.400.jpg,"İçecekler, Gazlı içecekler, Su, en:Artificially sweetened beverages, en:Sodas, Tatlı içecekler"
buono,https://images.openfoodfacts.org/images/products/869/507/708/6648/front_en.14.400.jpg,"Snacks, Snacks sucrés, Cacao et dérivés, Chocolats, Chocolats noirs, en:Bitter çikolata"
SESAM,https://images.openfoodfacts.org/images/products/730/040/011/2734/front_en.28.400.jpg,"Plant-based foods and beverages, Plant-based foods, Cereals and potatoes, Breads, Crispbreads"
Milka MMMAX Oreo,https://images.openfoodfacts.org/images/products/762/221/075/0495/front_tr.11.400.jpg,"Atıştırmalıklar, en:Sweet snacks, Kakao ve kakao ürünleri, Bisküviler ve kekler, Bisküvi, Çikolatalar, Çikolatalı bisküvi, Sütlü çikolata, Sütlü çikolatalı bisküvi"
Gold Lungo,https://images.openfoodfacts.org/images/products/000/002/022/5148/front_en.4.400.jpg,"Plant-based foods and beverages, Beverages, Plant-based foods, Hot beverages, Coffees, Capsules, Coffee capsules, Nespresso-compatible coffee capsules, Plant-based foods and beverages  Beverages  Plant-based foods  Hot beverages  Coffees  Capsules  Coffee capsules"
Crackers olive et thym,https://images.openfoodfacts.org/images/products/869/170/708/8068/front_en.9.400.jpg,"Snacks, Salty snacks, Appetizers, Crackers"
Orbit professional strong mint,https://images.openfoodfacts.org/images/products/400/990/053/1221/front_en.4.400.jpg,"Gustări, Gustări dulci, en:Confectioneries, Gumă de mestecat"
Lifalif,https://images.openfoodfacts.org/images/products/869/052/606/9500/front_en.17.400.jpg,"tr:Yulaf Ezmesi, en:breakfast-cereals"
Peach juice,https://images.openfoodfacts.org/images/products/000/009/049/5489/front_fr.3.400.jpg,Kategori Yok
Orange,https://images.openfoodfacts.org/images/products/000/009/049/5434/front_en.3.400.jpg,"Plant-based foods and beverages,Beverages,Plant-based beverages,Fruit-based beverages,Juices and nectars,Fruit juices,Orange juices"
Buttersoft,https://images.openfoodfacts.org/images/products/941/500/700/2079/front_en.7.400.jpg,"Dairies, Fats, Spreads, Spreadable fats, Animal fats, Milkfat, Dairy-spread, Butters"
Tadelle,https://images.openfoodfacts.org/images/products/868/341/700/0140/front_tr.12.400.jpg,Sütlü çikolata
Beypazari Dogal Maden Suyu / Natural Mineral Water Plain,https://images.openfoodfacts.org/images/products/869/138/100/0011/front_fr.11.400.jpg,"Boissons, Boissons gazeuses, Eaux, Eaux de sources, Eaux minérales, Eaux gazeuses, Eaux minérales naturelles, Eau minérale naturelle gazéifiée"
Mood,https://images.openfoodfacts.org/images/products/869/914/105/7053/front_en.9.400.jpg,Biscuit with chocolate covering
Gikolatati,Resim Yok,Kategori Yok
suzme peynir,https://images.openfoodfacts.org/images/products/869/507/702/0512/front_en.4.400.jpg,Kategori Yok
Penne rigate,https://images.openfoodfacts.org/images/products/869/507/700/0743/front_en.4.400.jpg,"Plant-based foods and beverages, Plant-based foods, Cereals and potatoes, Cereals and their products"
Lifalif  yulaf ezmesi,Resim Yok,Kategori Yok
Laviva,https://images.openfoodfacts.org/images/products/869/050/406/5395/front_en.12.400.jpg,"Snacks, Sweet snacks, Cocoa and its products, Biscuits and cakes, Biscuits, Chocolates, Chocolate biscuits"
Browni,https://images.openfoodfacts.org/images/products/869/052/609/9033/front_en.4.400.jpg,"Закуски, Сладки закуски, Бисквити и сладкиши, Кекс, Шоколадов сладкиш, en:Brownies"
Finger biskiivi,https://images.openfoodfacts.org/images/products/869/507/708/4361/front_en.7.400.jpg,"Snacks, Sweet snacks, Biscuits and cakes, Biscuits"
Fanta 330 kutu,https://images.openfoodfacts.org/images/products/544/900/000/3102/front_fr.4.400.jpg,"Boissons, Boissons gazeuses"
Dido,https://images.openfoodfacts.org/images/products/869/050/402/8536/front_en.15.400.jpg,"Snacks, Sweet snacks, Cocoa and its products, Confectioneries, Chocolate candies, tr:çikolata, en:bars"
no:1 more,https://images.openfoodfacts.org/images/products/869/012/006/0408/front_en.32.400.jpg,"Obleas rellenas,en:Hazelnut cream stuffed wafers,en:Bars covered with chocolate"
Coca 900ml,https://images.openfoodfacts.org/images/products/544/900/022/8970/front_tr.5.400.jpg,"İçecekler, Gazlı içecekler, en:Sodas, Kola"
Haribo jelly beans,https://images.openfoodfacts.org/images/products/869/121/604/4609/front_tr.11.400.jpg,en:jelly-beans
Dost ayran,https://images.openfoodfacts.org/images/products/869/507/700/4444/front_en.4.400.jpg,Kategori Yok
Sirma Eynazli,https://images.openfoodfacts.org/images/products/869/105/814/1979/front_fr.4.400.jpg,"Boissons, Eaux"
Meyveli Sos,https://images.openfoodfacts.org/images/products/869/458/713/8496/front_tr.3.400.jpg,"Condiments, Sauces, Dessert sauces, en:fruits-coulis"
Labne,https://images.openfoodfacts.org/images/products/869/076/771/0469/front_en.10.400.jpg,"Dairies, Fermented foods, Fermented milk products, Cheeses"
SARELLE,https://images.openfoodfacts.org/images/products/868/341/700/0126/front_tr.16.400.jpg,"Kahvaltı ürünleri, Ekmeğe sürülen ürünler, Ekmeğe sürülen tatlı ürünler, fr:Pâtes à tartiner, Ekmeğe sürülen çikolata"
Sauce poivre,Resim Yok,Kategori Yok
Schweppes 1 lt mandalina,Resim Yok,"Sodas with exotic fruits,Sodas"
Lipton ice tea (peach),https://images.openfoodfacts.org/images/products/869/057/400/0821/front_en.7.400.jpg,en:teas
Fromage frais Labne,https://images.openfoodfacts.org/images/products/869/056/500/6832/front_en.4.400.jpg,"Mandıra ürünü, Fermente gıdalar, Fermente süt ürünleri, Peynir"
RisoVital Whole Grain Rice,https://images.openfoodfacts.org/images/products/800/186/025/1061/front_fr.3.400.jpg,"Plant-based foods and beverages, Plant-based foods, en:rices"
Indomie Hot & Spicy Flavour,Resim Yok,"Plant-based foods and beverages, Plant-based foods, Pastas, Noodles, Chinese noodles, Flavoured dehydrated Asian noodles"
Bulghur pilaff,https://images.openfoodfacts.org/images/products/869/337/425/7235/front_en.10.400.jpg,Kategori Yok
Sirma Dogal Kaynak Suyu,https://images.openfoodfacts.org/images/products/869/105/814/1948/front_en.16.400.jpg,"Beverages, Waters"
olips,Resim Yok,Kategori Yok
Royal dessert,Resim Yok,"Plant-based foods and beverages, Beverages, Hot beverages, Plant-based beverages, Herbal teas, Hibiscus"
Dankek Bites,https://images.openfoodfacts.org/images/products/869/076/606/4815/front_en.4.400.jpg,en:cakes
Sticks,https://images.openfoodfacts.org/images/products/869/052/606/4529/front_en.5.400.jpg,Kategori Yok
Labne,Resim Yok,Kategori Yok
Rulokat 9kat tat,Resim Yok,Gofret
Biscuits riches en vitamines,https://images.openfoodfacts.org/images/products/325/622/744/7723/front_fr.20.400.jpg,"Snacks, Snacks sucrés, Biscuits et gâteaux, Biscuits"
Bar cake,https://images.openfoodfacts.org/images/products/869/050/405/9844/front_en.12.400.jpg,
Krem peynir,https://images.openfoodfacts.org/images/products/869/507/700/2907/front_fr.3.400.jpg,Kategori Yok
Coca cream,https://images.openfoodfacts.org/images/products/869/743/930/1543/front_en.4.400.jpg,Kategori Yok
Et browni gold,https://images.openfoodfacts.org/images/products/869/052/606/9920/front_tr.16.400.jpg,Chocolate bars
koop uzun omurlu taze sut,https://images.openfoodfacts.org/images/products/869/200/519/0019/front_en.3.400.jpg,"Plant-based foods and beverages, Beverages, Plant-based foods, Cereals and potatoes, Dairy substitutes, Cereals and their products, Milk substitutes, Plant-based beverages, Plant-based milk alternatives, Cereal-based drinks, Amaranth-based drinks"
VIVIDENT FULL  FRESH XXL,https://images.openfoodfacts.org/images/products/000/008/072/8863/front_fr.3.400.jpg,en:candies
Cay,https://images.openfoodfacts.org/images/products/869/010/500/0719/front_tr.13.400.jpg,"Bitkisel yiyecek ve içecekler, İçecekler, Sıcak içecekler, Bitkisel içecekler, Çay, Siyah çay"
premium,https://images.openfoodfacts.org/images/products/869/069/851/1678/front_tr.4.400.jpg,"Bitkisel yiyecek ve içecekler, Bitkisel yiyecekler, Tahıllar ve patates, Ekmek, Dilim ekmek"
"salca
yurdum 
yurdum salca",https://images.openfoodfacts.org/images/products/869/507/700/0873/front_en.4.400.jpg,Kategori Yok
Pismaniye,https://images.openfoodfacts.org/images/products/869/071/013/7411/front_en.22.400.jpg,"Snacks, Sweet snacks, en:cotton-candy"
Pferde,Resim Yok,en:Naturel car
Burcak,https://images.openfoodfacts.org/images/products/869/052/606/1108/front_en.4.400.jpg,"Snacks, Sweet snacks, Biscuits and cakes, Biscuits"
Pop-kek with chocolate,https://images.openfoodfacts.org/images/products/869/052/603/3754/front_bg.9.400.jpg,"Закуски, Сладки закуски, en:Confectioneries"
Caramio Karamel,https://images.openfoodfacts.org/images/products/869/076/614/9949/front_tr.11.400.jpg,"Snacks, Sweet snacks, Cocoa and its products, Chocolates, en:caramel-chocolate-bars"
organik yumurta,https://images.openfoodfacts.org/images/products/869/918/252/2404/front_tr.4.400.jpg,Yumurta
Dattes,https://images.openfoodfacts.org/images/products/613/252/938/0586/front_en.56.400.jpg,"Plant-based foods and beverages, Plant-based foods, Fruits and vegetables based foods, Fruits based foods, Fruits, Dates, Deglet Noor dates, en:dried-fruits"
Peanut butter,https://images.openfoodfacts.org/images/products/869/102/606/0035/front_en.4.400.jpg,"Plant-based foods and beverages, Plant-based foods, Legumes and their products, Spreads, Nuts and their products, Plant-based spreads, Oilseed purees, Legume butters, Nut butters, Peanut butters"
Hazir noodle,https://images.openfoodfacts.org/images/products/868/090/802/0014/front_tr.7.400.jpg,noodle
Tazej,https://images.openfoodfacts.org/images/products/613/250/457/0162/front_fr.9.400.jpg,Kategori Yok
Kadaif 500 GR S. V. X 20 Arev,https://images.openfoodfacts.org/images/products/376/007/715/0219/front_fr.20.400.jpg,"Plant-based foods and beverages, Plant-based foods, Cereals and potatoes, Cereals and their products, Pastas, Pie dough, Phyllo dough, en:breads"
Canga,https://images.openfoodfacts.org/images/products/869/052/604/7256/front_fr.3.400.jpg,Kategori Yok
Kellogs granola klasik 340,https://images.openfoodfacts.org/images/products/868/253/000/0167/front_tr.9.400.jpg,granola
Assu,https://images.openfoodfacts.org/images/products/868/018/813/0076/front_fr.3.400.jpg,en:spring-waters
Rulokat 9kat tat,Resim Yok,Gofret
VIVIDENT FULL  FRESH XXL,https://images.openfoodfacts.org/images/products/000/008/072/8863/front_fr.3.400.jpg,en:candies
Ikram,https://images.openfoodfacts.org/images/products/869/050/401/0203/front_tr.21.400.jpg,"Atıştırmalıklar, en:Sweet snacks, Bisküviler ve kekler, Bisküvi"
Cay,https://images.openfoodfacts.org/images/products/869/010/500/0719/front_tr.13.400.jpg,"Bitkisel yiyecek ve içecekler, İçecekler, Sıcak içecekler, Bitkisel içecekler, Çay, Siyah çay"
tortu tam kraker,https://images.openfoodfacts.org/images/products/869/012/013/8725/front_tr.3.400.jpg,"Atıştırmalıklar, en:Sweet snacks, Bisküviler ve kekler, Bisküvi"
Fanta 1 litre,Resim Yok,Kategori Yok
Klasik,https://images.openfoodfacts.org/images/products/869/062/410/1874/front_tr.7.400.jpg,"Bitkisel yiyecek ve içecekler, Bitkisel yiyecekler, Atıştırmalıklar, Tahıllar ve patates, Tuzlu atıştırmalıklar, en:Appetizers, en:Chips and fries, en:Crisps, en:Potato crisps"
soosy,https://images.openfoodfacts.org/images/products/869/911/803/3523/front_ar.4.400.jpg,Ndedog
Biscuits riches en vitamines,https://images.openfoodfacts.org/images/products/325/622/744/7723/front_fr.20.400.jpg,"Snacks, Snacks sucrés, Biscuits et gâteaux, Biscuits"
Tortilla,https://images.openfoodfacts.org/images/products/869/984/707/0424/front_en.7.400.jpg,Kategori Yok
Masterpiece,https://images.openfoodfacts.org/images/products/869/050/415/3740/front_en.18.400.jpg,"Snacks, Sweet snacks, Cocoa and its products, Chocolates, Dark chocolates"
premium,https://images.openfoodfacts.org/images/products/869/069/851/1678/front_tr.4.400.jpg,"Bitkisel yiyecek ve içecekler, Bitkisel yiyecekler, Tahıllar ve patates, Ekmek, Dilim ekmek"
Cikolata %80 Bitter,https://images.openfoodfacts.org/images/products/869/050/414/2980/front_en.12.400.jpg,
Eti Karam Bitter,https://images.openfoodfacts.org/images/products/869/052/602/8040/front_fr.3.400.jpg,Kategori Yok
Albeni Viva,Resim Yok,"Snacks, Sweet snacks"
mistral,Resim Yok,Kategori Yok
Tutku,https://images.openfoodfacts.org/images/products/869/052/677/0345/front_en.3.400.jpg,en:frozen-desserts
Eti pop kek limonlu,https://images.openfoodfacts.org/images/products/869/052/608/3704/front_en.4.400.jpg,"Snacks, Sweet snacks, Biscuits and cakes, Cakes, tr:Limonlu Kek"
Erikli,https://images.openfoodfacts.org/images/products/869/079/301/0151/front_tr.19.400.jpg,"İçecekler, Gazlı içecekler, Su, en:Spring waters, en:Mineral waters, en:Carbonated waters, en:Natural mineral waters, en:Carbonated natural mineral waters, en:Mildly carbonated natural mineral water"
Fuze Peach Ice Tea 330ML,https://images.openfoodfacts.org/images/products/544/900/000/2952/front_en.10.400.jpg,Kategori Yok
Caffe mocha,https://images.openfoodfacts.org/images/products/869/063/206/0804/front_en.4.400.jpg,"Bitkisel yiyecek ve içecekler, İçecekler, Bitkisel yiyecekler, Kahve, en:Instant beverages, Kahve tozu, en:Instant powder for coffee with milk"
Cubuk craker,https://images.openfoodfacts.org/images/products/869/050/411/7858/front_fr.3.400.jpg,
Cheerios,https://images.openfoodfacts.org/images/products/590/002/000/4574/front_en.5.400.jpg,Kategori Yok
peripella,https://images.openfoodfacts.org/images/products/869/507/702/0413/front_tr.9.400.jpg,"Atıştırmalıklar, en:Sweet snacks, Bisküviler ve kekler, Hamur işi, Ekler, en:Chocolate eclairs"
Elmacik,https://images.openfoodfacts.org/images/products/868/015/281/0034/front_fr.3.400.jpg,Kategori Yok
Kakao,https://images.openfoodfacts.org/images/products/869/507/702/0833/front_tr.4.400.jpg,"Bitkisel yiyecek ve içecekler, Bitkisel yiyecekler, Tahıllar ve patates, Tahıl ve tahıl ürünleri, Makarna"
Eti Browni Gold,https://images.openfoodfacts.org/images/products/869/052/605/3738/front_tr.4.400.jpg,"Atıştırmalıklar, en:Sweet snacks, Bisküviler ve kekler, Kek"
danette,Resim Yok,Kategori Yok
Hamur Kabartma Tozu,https://images.openfoodfacts.org/images/products/869/062/925/2007/front_tr.8.400.jpg,"Gıda katkısı, en:Baking powder or raising agent"
Lay's Baharatli,https://images.openfoodfacts.org/images/products/869/062/410/3069/front_en.6.400.jpg,Kategori Yok
bonaqua qaz,Resim Yok,Kategori Yok
Kakao,https://images.openfoodfacts.org/images/products/869/507/702/0833/front_tr.4.400.jpg,"Bitkisel yiyecek ve içecekler, Bitkisel yiyecekler, Tahıllar ve patates, Tahıl ve tahıl ürünleri, Makarna"
Ketchup,https://images.openfoodfacts.org/images/products/869/063/784/0821/front_fr.3.400.jpg,"Condiments, Sauces, Sauces tomate, Ketchup, en:Groceries"
Eker Ayran,https://images.openfoodfacts.org/images/products/869/131/652/0416/front_fr.3.400.jpg,"Boissons, Produits laitiers, Produits fermentés, Produits laitiers fermentés, Boissons lactées, Boissons fermentées, Boissons lactées fermentées, Ayrans et doughs, Ayrans"
Kaymak,https://images.openfoodfacts.org/images/products/869/507/700/7780/front_tr.11.400.jpg,"Mandıra ürünü, Fermente gıdalar, Fermente süt ürünleri, Kaymak"
Pepsi max,https://images.openfoodfacts.org/images/products/869/057/482/1563/front_fr.3.400.jpg,Boissons
Eti Karam Bitter,https://images.openfoodfacts.org/images/products/869/052/602/8040/front_fr.3.400.jpg,Kategori Yok
mistral,Resim Yok,Kategori Yok
Dorbi kakao,Resim Yok,Kategori Yok
Eti pop kek limonlu,https://images.openfoodfacts.org/images/products/869/052/608/3704/front_en.4.400.jpg,"Snacks, Sweet snacks, Biscuits and cakes, Cakes, tr:Limonlu Kek"
Tutku,https://images.openfoodfacts.org/images/products/869/052/677/0345/front_en.3.400.jpg,en:frozen-desserts
Ayran,https://images.openfoodfacts.org/images/products/869/507/704/1067/front_en.7.400.jpg,Ayran
Ankara Tava,Resim Yok,"Et ürünleri, Hazır yemek, en:Meals with meat"
Caffe mocha,https://images.openfoodfacts.org/images/products/869/063/206/0804/front_en.4.400.jpg,"Bitkisel yiyecek ve içecekler, İçecekler, Bitkisel yiyecekler, Kahve, en:Instant beverages, Kahve tozu, en:Instant powder for coffee with milk"
Avsar zwarte moerbei en bes,https://images.openfoodfacts.org/images/products/868/134/903/0433/front_en.7.400.jpg,Kategori Yok
Ikram,Resim Yok,Kategori Yok
"Nitrotech, iso whey",https://images.openfoodfacts.org/images/products/063/165/671/3626/front_fr.3.400.jpg,Kategori Yok
Yupo Jelly,https://images.openfoodfacts.org/images/products/869/084/017/9961/front_fr.11.400.jpg,Bonbons gélifiés
Cubuk craker,https://images.openfoodfacts.org/images/products/869/050/411/7858/front_fr.3.400.jpg,
Elmacik,https://images.openfoodfacts.org/images/products/868/015/281/0034/front_fr.3.400.jpg,Kategori Yok
Eti Browni Gold,https://images.openfoodfacts.org/images/products/869/052/605/3738/front_tr.4.400.jpg,"Atıştırmalıklar, en:Sweet snacks, Bisküviler ve kekler, Kek"
Kakaolu findik cremali,https://images.openfoodfacts.org/images/products/868/075/100/7439/front_tr.15.400.jpg,"Kahvaltı ürünleri, Ekmeğe sürülen ürünler, Ekmeğe sürülen tatlı ürünler, fr:Pâtes à tartiner, en:Hazelnut spreads, Ekmeğe sürülen çikolata, en:Cocoa and hazelnuts spreads"
Limonata,https://images.openfoodfacts.org/images/products/869/072/338/3300/front_fr.3.400.jpg,Kategori Yok
Hamur Kabartma Tozu,https://images.openfoodfacts.org/images/products/869/062/925/2007/front_tr.8.400.jpg,"Gıda katkısı, en:Baking powder or raising agent"
Noodle,https://images.openfoodfacts.org/images/products/868/090/802/0021/front_tr.8.400.jpg,"Bitkisel yiyecek ve içecekler, Bitkisel yiyecekler, Tahıllar ve patates, Tahıl ve tahıl ürünleri, Makarna, en:Noodles"
danette,Resim Yok,Kategori Yok
Bal,https://images.openfoodfacts.org/images/products/869/099/815/1857/front_fr.3.400.jpg,Kategori Yok
Miel,https://images.openfoodfacts.org/images/products/869/019/890/0538/front_fr.15.400.jpg,"Petit-déjeuners, Produits à tartiner, Produits à tartiner sucrés, Produits de la ruche, Produits d'élevages, Édulcorants, Miels, Miels de fleurs"
Eti Pop kek Muzlu,https://images.openfoodfacts.org/images/products/869/052/608/3728/front_tr.3.400.jpg,Atıştırmalıklar
sonnenblumen,https://images.openfoodfacts.org/images/products/570/111/620/1712/front_de.10.400.jpg,"Frühstücke, Brotaufstriche, Süße Brotaufstriche, Bienenprodukte, Landwirtschaftliche Produkte, Süßstoffe, Honige"
Milka oreo choco,https://images.openfoodfacts.org/images/products/762/221/057/8266/front_ar.8.400.jpg,en:milka oreo coco
peripella,https://images.openfoodfacts.org/images/products/869/507/702/0413/front_tr.9.400.jpg,"Atıştırmalıklar, en:Sweet snacks, Bisküviler ve kekler, Hamur işi, Ekler, en:Chocolate eclairs"
TOBLERONE,https://images.openfoodfacts.org/images/products/007/622/300/0264/front_en.14.400.jpg,Çikolata
Eti Cin,https://images.openfoodfacts.org/images/products/200/000/002/5175/front_en.7.400.jpg,"Snacks, Sweet snacks, Biscuits and cakes, Biscuits, Orange Jelly"
Sirma limon Aromali,https://images.openfoodfacts.org/images/products/869/105/814/1832/front_en.14.400.jpg,"İçecekler, Gazlı içecekler, en:Sodas, Limonata, Tatlı içecekler"
Pure Life,https://images.openfoodfacts.org/images/products/869/771/355/0032/front_tr.3.400.jpg,Kategori Yok
Cheerios,https://images.openfoodfacts.org/images/products/590/002/000/4574/front_en.5.400.jpg,Kategori Yok
Calve Ranch Sos,https://images.openfoodfacts.org/images/products/869/063/780/5202/front_tr.4.400.jpg,"en:Condiments, Sos"
Orage juice,https://images.openfoodfacts.org/images/products/544/900/002/7313/front_en.3.400.jpg,"Растителни храни и напитки, Напитки, Растителни напитки, Плодови напитки, Сок и нектар, Плодови сокове, en:Fruit juices from concentrate, Сок от портокал, Сок от портокал от концентрат"
Cikolata Kaplamah Pismanige,https://images.openfoodfacts.org/images/products/869/742/504/1071/front_en.14.400.jpg,"Atıştırmalıklar, en:Sweet snacks, en:Confectioneries, Helva"
Elmacik,https://images.openfoodfacts.org/images/products/868/015/281/0034/front_fr.3.400.jpg,Kategori Yok
Cikolata Kaplamah Pismanige,https://images.openfoodfacts.org/images/products/869/742/504/1071/front_en.14.400.jpg,"Atıştırmalıklar, en:Sweet snacks, en:Confectioneries, Helva"
peripella,https://images.openfoodfacts.org/images/products/869/507/702/0413/front_tr.9.400.jpg,"Atıştırmalıklar, en:Sweet snacks, Bisküviler ve kekler, Hamur işi, Ekler, en:Chocolate eclairs"
Cheerios,https://images.openfoodfacts.org/images/products/590/002/000/4574/front_en.5.400.jpg,Kategori Yok
High PrtoteinBar,https://images.openfoodfacts.org/images/products/868/118/508/6090/front_es.3.400.jpg,"Botanas, Snacks dulces, Barritas, Suplementos dietéticos, Suplementos de culturismo"
Limonata,https://images.openfoodfacts.org/images/products/869/072/338/3300/front_fr.3.400.jpg,Kategori Yok
Hamur Kabartma Tozu,https://images.openfoodfacts.org/images/products/869/062/925/2007/front_tr.8.400.jpg,"Gıda katkısı, en:Baking powder or raising agent"
danette,Resim Yok,Kategori Yok
Lay's Baharatli,https://images.openfoodfacts.org/images/products/869/062/410/3069/front_en.6.400.jpg,Kategori Yok
Ice tea limon,https://images.openfoodfacts.org/images/products/869/057/400/0814/front_fr.3.400.jpg,Kategori Yok
Eti Browni Gold,https://images.openfoodfacts.org/images/products/869/052/605/3738/front_tr.4.400.jpg,"Atıştırmalıklar, en:Sweet snacks, Bisküviler ve kekler, Kek"
Milka oreo choco,https://images.openfoodfacts.org/images/products/762/221/057/8266/front_ar.8.400.jpg,en:milka oreo coco
Sarelle,https://images.openfoodfacts.org/images/products/869/055/091/3411/front_tr.8.400.jpg,"Kahvaltı ürünleri, Ekmeğe sürülen ürünler, Ekmeğe sürülen tatlı ürünler, fr:Pâtes à tartiner, en:Hazelnut spreads, Ekmeğe sürülen çikolata, en:Cocoa and hazelnuts spreads"
Ayran,https://images.openfoodfacts.org/images/products/868/132/400/2837/front_tr.14.400.jpg,"İçecekler, Mandıra ürünü, Fermente gıdalar, Fermente süt ürünleri, en:Dairy drinks, en:Fermented drinks, Fermente sütlü içecekler, en:Doogh and ayran, Ayran"
Gum,https://images.openfoodfacts.org/images/products/000/008/082/6835/front_tr.5.400.jpg,"Atıştırmalıklar, en:Sweet snacks, en:Confectioneries, en:Chewing gum, en:Sugar-free chewing gum"
bira,https://images.openfoodfacts.org/images/products/869/052/025/2953/front_tr.4.400.jpg,"İçecekler, Alkollü içecekler, Bira, Alkol"
Donuts chocolat,https://images.openfoodfacts.org/images/products/327/655/058/9938/front_fr.18.400.jpg,"Snacks, Snacks sucrés, Biscuits et gâteaux, Gâteaux, Donuts, en:Chocolate doughnuts"
Nesquik breakfast cereal bars,https://images.openfoodfacts.org/images/products/590/002/003/1136/front_fr.3.400.jpg,
Ekmek,https://images.openfoodfacts.org/images/products/869/911/804/1474/front_en.3.400.jpg,Kategori Yok
haribo  goldbears,https://images.openfoodfacts.org/images/products/000/000/090/1222/front_es.4.400.jpg,"Botanas, Snacks dulces, Dulces, Golosinas"
Chewing-gum,https://images.openfoodfacts.org/images/products/869/052/405/2122/front_fr.15.400.jpg,"Chewing-gum,gum"
Ayran,https://images.openfoodfacts.org/images/products/869/076/716/0042/front_fr.3.400.jpg,"Boissons, Produits laitiers, Produits fermentés, Produits laitiers fermentés, Boissons lactées, Boissons fermentées, Boissons lactées fermentées, Ayrans et doughs, Ayrans"
Nefis sutlu cikolatali,https://images.openfoodfacts.org/images/products/869/063/205/6753/front_en.12.400.jpg,"Snacks, Sweet snacks, Cocoa and its products, Chocolates, tr:Çikolatalı gofret"
Torku Lia,https://images.openfoodfacts.org/images/products/869/012/011/9960/front_tr.3.400.jpg,
Hobby chocolate bar,https://images.openfoodfacts.org/images/products/869/050/402/7010/front_en.23.400.jpg,"Snacks,Sweet snacks,Confectioneries,Compound chocolates,Candy chocolate bars"
mini mini,Resim Yok,Kategori Yok
Honig-Senf Sauce,https://images.openfoodfacts.org/images/products/433/589/648/7274/front_tr.4.400.jpg,"en:Condiments, Sos, Hardal, en:groceries, Hardal"
Classic Peach Nectar,https://images.openfoodfacts.org/images/products/000/008/690/0201/front_fr.3.400.jpg,Kategori Yok
Dido Trio,https://images.openfoodfacts.org/images/products/869/050/413/1458/front_en.6.400.jpg,"Snacks, Sweet snacks, Cocoa and its products, Confectioneries, Bars, Chocolate candies, Bars covered with chocolate"
el kremi,https://images.openfoodfacts.org/images/products/869/995/430/1381/front_tr.4.400.jpg,Kategori Yok
Mayonez,Resim Yok,"en:Condiments, Sos, Mayonez, en:groceries"
Nutella Ferrero,https://images.openfoodfacts.org/images/products/800/050/022/5615/front_en.18.400.jpg,"Breakfasts, Spreads, Sweet spreads, fr:Pâtes à tartiner, Hazelnut spreads, Chocolate spreads, Cocoa and hazelnuts spreads"
Caramels tendres au sel de Guerande,https://images.openfoodfacts.org/images/products/347/020/101/5870/front_fr.8.400.jpg,"Snacks, Snacks sucrés, Confiseries, Caramels, Caramels au beurre salé"
Fromage,https://images.openfoodfacts.org/images/products/000/002/305/2819/front_fr.6.400.jpg,Kategori Yok
black bruin,https://images.openfoodfacts.org/images/products/869/872/086/6611/front_en.3.400.jpg,Kategori Yok
ilmihal,https://images.openfoodfacts.org/images/products/978/975/901/8986/front_tr.4.400.jpg,10
Miel,https://images.openfoodfacts.org/images/products/869/099/810/2149/front_en.6.400.jpg,"Breakfasts, Spreads, Sweet spreads, Bee products, Farming products, Sweeteners, Honeys"
Danone,Resim Yok,"Desserts, Puddings"
Nocciolata organic hazelnut spread with cocoa,https://images.openfoodfacts.org/images/products/800/150/500/1099/front_en.4.400.jpg,"Breakfasts, Spreads, Sweet spreads"
Ayran,Resim Yok,Kategori Yok
Olive oil,https://images.openfoodfacts.org/images/products/869/137/522/9763/front_en.9.400.jpg,Kategori Yok
Hayat Su,https://images.openfoodfacts.org/images/products/869/359/340/0498/front_ar.10.400.jpg,"en:Beverages, en:Waters, Su"
Bebelac,https://images.openfoodfacts.org/images/products/869/974/500/6372/front_fr.3.400.jpg,Kategori Yok
Sparkling water,https://images.openfoodfacts.org/images/products/869/281/300/5055/front_tr.12.400.jpg,"İçecekler, Gazlı içecekler, Su, en:Spring waters, en:Mineral waters, en:Carbonated waters, en:Natural mineral waters, en:Carbonated natural mineral waters"
Skimmed cow milk,Resim Yok,"Dairies, Milks, Skimmed milks"
STICK,https://images.openfoodfacts.org/images/products/868/125/950/0491/front_en.10.400.jpg,"Snacks, Sweet snacks, Confectioneries, Chewing gum, Sugar-free chewing gum"
Collagen protein Drink,https://images.openfoodfacts.org/images/products/869/029/200/1506/front_fr.3.400.jpg,Kategori Yok
Protein vanilla milk,https://images.openfoodfacts.org/images/products/869/056/501/7531/front_en.13.400.jpg,Dairy drinks
Nut master,https://images.openfoodfacts.org/images/products/868/075/100/7910/front_tr.6.400.jpg,"tr:Kakaolu fındık ezmesi, en:chocolate-spreads"
Twister,Resim Yok,Kategori Yok
Strawberry and cacao fruit Bar,https://images.openfoodfacts.org/images/products/868/118/508/6618/front_en.6.400.jpg,"Plant-based foods and beverages, Plant-based foods, Snacks, Fruits and vegetables based foods, Sweet snacks, Cocoa and its products, Confectioneries, Fruits based foods, Bars, Chocolate candies, Bars covered with chocolate"
Nesfit Bitter Bar,https://images.openfoodfacts.org/images/products/590/002/002/8051/front_en.7.400.jpg,"Snacks, Sweet snacks, Bars, Cereal bars, Chocolate cereal bars, Cereal bar with chocolate fortified with vitamins and minerals"
Nesfit,https://images.openfoodfacts.org/images/products/869/063/270/4630/front_en.4.400.jpg,Kategori Yok
Karamela,https://images.openfoodfacts.org/images/products/869/052/601/8065/front_tr.11.400.jpg,"Atıştırmalıklar, en:Sweet snacks, Kakao ve kakao ürünleri, en:Confectioneries, en:Bars, en:Chocolate candies, en:Bars covered with chocolate, en:Caramel chocolate bars"
Nesquik cacao milk,https://images.openfoodfacts.org/images/products/869/063/204/9601/front_fr.3.400.jpg,Kategori Yok
Tomaten ketchup,https://images.openfoodfacts.org/images/products/869/080/436/7472/front_en.4.400.jpg,en:ketchup
Cin cilek soslu biskuvi,https://images.openfoodfacts.org/images/products/000/008/692/0292/front_en.3.400.jpg,Kategori Yok
Haribo happy cola,https://images.openfoodfacts.org/images/products/869/121/609/0446/front_en.25.400.jpg,"Beverages, Snacks, Sweet snacks, Confectioneries, Carbonated drinks, Sodas, Candies, Gummi candies, Gummy cola bottles, Gummies"
Altinbasak,https://images.openfoodfacts.org/images/products/869/050/401/1606/front_en.16.400.jpg,Bisküvi
Energy bar,https://images.openfoodfacts.org/images/products/000/002/703/2244/front_nl.4.400.jpg,"Snacks, Zoete snacks, Repen, Voedingssupplementen, Bodybuilding supplementen, Energierepen"
Water quellwasser,https://images.openfoodfacts.org/images/products/869/898/092/0016/front_tr.8.400.jpg,Kategori Yok
Baladna,https://images.openfoodfacts.org/images/products/868/121/200/8484/front_ar.4.400.jpg,
Tahin,https://images.openfoodfacts.org/images/products/869/071/014/1678/front_en.18.400.jpg,"Plant-based foods and beverages, Plant-based foods, Cereals and potatoes, Spreads, Cereals and their products, Plant-based spreads, Oilseed purees, Cereal butters, Tahini, tr:Susam"
Caramio,Resim Yok,"Atıştırmalıklar, en:Sweet snacks, Kakao ve kakao ürünleri, en:Confectioneries, en:Bars, en:Chocolate candies, en:Bars covered with chocolate, en:Caramel chocolate bars"
Boom bastic burger,https://images.openfoodfacts.org/images/products/869/914/105/6025/front_tr.18.400.jpg,"Atıştırmalıklar, en:Sweet snacks, Bisküviler ve kekler, Bisküvi, Çikolatalı bisküvi, en:Bisküvi"
Almond flour,https://images.openfoodfacts.org/images/products/868/174/910/4437/front_es.4.400.jpg,"Alimentos y bebidas de origen vegetal, Alimentos de origen vegetal, Harinas de origen vegetal, Frutos de cáscara y derivados, Harinas de frutos de cáscara, Harinas de almendra"
lipton,https://images.openfoodfacts.org/images/products/160/167/600/0821/front_tr.4.400.jpg,Kategori Yok
Water,https://images.openfoodfacts.org/images/products/000/008/692/0421/front_fr.3.400.jpg,Kategori Yok
Kefirix Probiyotik Orman Meyveli,Resim Yok,"İçecekler, Mandıra ürünü, Fermente gıdalar, Fermente süt ürünleri, en:Dairy drinks, en:Fermented drinks, Fermente sütlü içecekler, Kefir"
massi moore,https://images.openfoodfacts.org/images/products/869/890/150/0099/front_tr.4.400.jpg,Kategori Yok
Varim %100 bira,Resim Yok,"İçecekler, Alkollü içecekler, Bira"
immunace,https://images.openfoodfacts.org/images/products/502/126/524/8667/front_en.4.400.jpg,"Dietary supplements, Vitamins"
Cityfarm organik peanut bitter,Resim Yok,"Plant-based foods and beverages, Plant-based foods, Legumes and their products, Spreads, Nuts and their products, Plant-based spreads, Oilseed purees, Legume butters, Nut butters, Peanut butters"
Jus de pomme,https://images.openfoodfacts.org/images/products/869/507/700/3591/front_fr.3.400.jpg,"Aliments et boissons à base de végétaux, Boissons, Boissons à base de végétaux, Boissons aux fruits, Jus et nectars, Jus de fruits, Boissons sans sucre ajouté, Jus de pomme"
Double roasted mixed nuts,https://images.openfoodfacts.org/images/products/869/123/040/7787/front_fr.3.400.jpg,Kategori Yok
Dilimli Tost Peyniri,https://images.openfoodfacts.org/images/products/869/507/700/6301/front_tr.9.400.jpg,"Mandıra ürünü, Fermente gıdalar, Fermente süt ürünleri, Peynir"
Visne nektari,https://images.openfoodfacts.org/images/products/869/507/730/2038/front_tr.16.400.jpg,"Bitkisel yiyecek ve içecekler, İçecekler, Bitkisel içecekler, Meyveli içecekler, en:Juices and nectars, en:Fruit nectars, en:Cherry nectars"
Nefis Ayran,Resim Yok,"Mandıra ürünü, Süt"
biray,Resim Yok,34
Cikolata,https://images.openfoodfacts.org/images/products/869/050/402/6204/front_en.8.400.jpg,Kategori Yok
Aivar,https://images.openfoodfacts.org/images/products/869/741/287/2619/front_de.16.400.jpg,"Pflanzliche Lebensmittel und Getränke, Pflanzliche Lebensmittel, Gewürzmittel, Brotaufstriche, Pflanzliche Brotaufstriche, Saucen, Ajvar, en:groceries"
Dardenel Ton Olive Oil,https://images.openfoodfacts.org/images/products/869/055/901/5192/front_en.5.400.jpg,"Seafood, Canned foods, Fishes, Fatty fishes, Canned fishes, Tunas, Canned tunas, Tunas in oil, Tuna in olive oil"
elidor  sanbuan,https://images.openfoodfacts.org/images/products/869/063/794/7353/front_tr.4.400.jpg,Kategori Yok
ICE tea,https://images.openfoodfacts.org/images/products/868/020/551/3264/front_tr.4.400.jpg,"İçecekler, en:Tea-based beverages, Soğuk çay, Şeftalili soğuk çay"
coco pops,https://images.openfoodfacts.org/images/products/869/050/427/0591/front_tr.4.400.jpg,"Bitkisel yiyecek ve içecekler, Bitkisel yiyecekler, Kahvaltı ürünleri, Tahıllar ve patates, Tahıl ve tahıl ürünleri, Kahvaltılık gevrek, en:Puffed grains, en:Puffed cereals"
Nuga,https://images.openfoodfacts.org/images/products/869/164/152/9016/front_en.10.400.jpg,"Breakfasts, Spreads, Sweet spreads, fr:Pâtes à tartiner, Hazelnut spreads"
alpella 3gen,https://images.openfoodfacts.org/images/products/869/050/408/9759/front_tr.4.400.jpg,25
CALCIUM BENZOATE,Resim Yok,Food additives
bioblas sanbuan,https://images.openfoodfacts.org/images/products/868/051/262/9603/front_tr.4.400.jpg,Kategori Yok
fromage blanc de brebis en saumure,https://images.openfoodfacts.org/images/products/380/023/123/0156/front_fr.10.400.jpg,"Produits laitiers, Produits fermentés, Produits laitiers fermentés, Fromages, Fromages de brebis"
misir pirinc,https://images.openfoodfacts.org/images/products/869/741/646/5008/front_tr.4.400.jpg,en:corné biscuit
Earl Grey Whole leaf tea,https://images.openfoodfacts.org/images/products/479/224/285/7431/front_en.4.400.jpg,"Plant-based foods and beverages, Beverages, Hot beverages, Plant-based beverages, Teas, Black teas"
Ceysu,Resim Yok,"Beverages, Waters"
Shot+,Resim Yok,Kategori Yok
johnson,https://images.openfoodfacts.org/images/products/357/466/153/1755/front_tr.4.400.jpg,Open Beauty Facts
Craw sticks,https://images.openfoodfacts.org/images/products/869/052/607/0124/front_en.7.400.jpg,Kategori Yok
"Efes pilsner, 5%",https://images.openfoodfacts.org/images/products/869/052/001/1499/front_nb.23.400.jpg,"en:Beverages, en:Alcoholic beverages, Øl, Lagers, Pilsners"
Kelebek - Farfalle,Resim Yok,"Plant-based foods and beverages, Plant-based foods, Cereals and potatoes, Cereals and their products, Pastas, Cereal pastas, en:dry-pastas"
coco pops,https://images.openfoodfacts.org/images/products/869/050/427/0591/front_tr.4.400.jpg,"Bitkisel yiyecek ve içecekler, Bitkisel yiyecekler, Kahvaltı ürünleri, Tahıllar ve patates, Tahıl ve tahıl ürünleri, Kahvaltılık gevrek, en:Puffed grains, en:Puffed cereals"
alpella 3gen,https://images.openfoodfacts.org/images/products/869/050/408/9759/front_tr.4.400.jpg,25
CALCIUM BENZOATE,Resim Yok,Food additives
Cicibebe,https://images.openfoodfacts.org/images/products/869/053/302/1133/front_en.4.400.jpg,Kategori Yok
Ayran,https://images.openfoodfacts.org/images/products/868/132/400/2837/front_tr.14.400.jpg,"İçecekler, Mandıra ürünü, Fermente gıdalar, Fermente süt ürünleri, en:Dairy drinks, en:Fermented drinks, Fermente sütlü içecekler, en:Doogh and ayran, Ayran"
Biscolata,Resim Yok,Kategori Yok
Protein vanilla milk,https://images.openfoodfacts.org/images/products/869/056/501/7531/front_en.13.400.jpg,Dairy drinks
Donuts chocolat,https://images.openfoodfacts.org/images/products/327/655/058/9938/front_fr.18.400.jpg,"Snacks, Snacks sucrés, Biscuits et gâteaux, Gâteaux, Donuts, en:Chocolate doughnuts"
Berries,https://images.openfoodfacts.org/images/products/869/507/707/1576/front_tr.16.400.jpg,"Atıştırmalıklar, en:Sweet snacks, en:Confectioneries, en:Candies, en:Gummi candies, en:Jelly beans, Jelatin, Jelibon, Yumuşak şeker"
Ekmek,https://images.openfoodfacts.org/images/products/869/911/804/1474/front_en.3.400.jpg,Kategori Yok
bioblas sanbuan,https://images.openfoodfacts.org/images/products/868/051/262/9603/front_tr.4.400.jpg,Kategori Yok
fromage blanc de brebis en saumure,https://images.openfoodfacts.org/images/products/380/023/123/0156/front_fr.10.400.jpg,"Produits laitiers, Produits fermentés, Produits laitiers fermentés, Fromages, Fromages de brebis"
misir pirinc,https://images.openfoodfacts.org/images/products/869/741/646/5008/front_tr.4.400.jpg,en:corné biscuit
haribo  goldbears,https://images.openfoodfacts.org/images/products/000/000/090/1222/front_es.4.400.jpg,"Botanas, Snacks dulces, Dulces, Golosinas"
Earl Grey Whole leaf tea,https://images.openfoodfacts.org/images/products/479/224/285/7431/front_en.4.400.jpg,"Plant-based foods and beverages, Beverages, Hot beverages, Plant-based beverages, Teas, Black teas"
Ceysu,Resim Yok,"Beverages, Waters"
Nesquik breakfast cereal bars,https://images.openfoodfacts.org/images/products/590/002/003/1136/front_fr.3.400.jpg,
The blue edition,https://images.openfoodfacts.org/images/products/000/009/037/6894/front_en.10.400.jpg,Kategori Yok
johnson,https://images.openfoodfacts.org/images/products/357/466/153/1755/front_tr.4.400.jpg,Open Beauty Facts
Craw sticks,https://images.openfoodfacts.org/images/products/869/052/607/0124/front_en.7.400.jpg,Kategori Yok
Torku Lia,https://images.openfoodfacts.org/images/products/869/012/011/9960/front_tr.3.400.jpg,
"Efes pilsner, 5%",https://images.openfoodfacts.org/images/products/869/052/001/1499/front_nb.23.400.jpg,"en:Beverages, en:Alcoholic beverages, Øl, Lagers, Pilsners"
Kelebek - Farfalle,Resim Yok,"Plant-based foods and beverages, Plant-based foods, Cereals and potatoes, Cereals and their products, Pastas, Cereal pastas, en:dry-pastas"
Coco pops,https://images.openfoodfacts.org/images/products/868/253/022/0121/front_fr.3.400.jpg,Kategori Yok
schwarzkopf Glis sanbuan,https://images.openfoodfacts.org/images/products/869/057/278/9018/front_tr.4.400.jpg,Kategori Yok
Namet Gurme Sucuk,https://images.openfoodfacts.org/images/products/869/747/172/7219/front_en.4.400.jpg,"Et ürünleri, Et, İşlenmiş etler, en:fermented-sausage"
kabartma tozu,https://images.openfoodfacts.org/images/products/869/911/800/6312/front_tr.6.400.jpg,"Bitkisel yiyecek ve içecekler, Bitkisel yiyecekler, Tahıllar ve patates, Tahıl ve tahıl ürünleri, Makarna"
Tuna,Resim Yok,Kategori Yok
Hhh,Resim Yok,Kategori Yok
bebek sanbuani,https://images.openfoodfacts.org/images/products/869/060/503/2906/front_tr.4.400.jpg,Kategori Yok
Cafe Buendia,https://images.openfoodfacts.org/images/products/770/721/163/0486/front_en.10.400.jpg,"Plant-based foods and beverages, Plant-based foods, Coffees"
emrahsucai,Resim Yok,65930
derby samur 3,https://images.openfoodfacts.org/images/products/869/088/522/3445/front_tr.4.400.jpg,Kategori Yok
Pure life,https://images.openfoodfacts.org/images/products/869/771/355/9981/front_fr.3.400.jpg,Kategori Yok
Sirma vitaminlli boisson,https://images.openfoodfacts.org/images/products/869/105/814/2570/front_tr.13.400.jpg,en:مشروب غازي
Ikram Gold Black Olives 800G,https://images.openfoodfacts.org/images/products/869/659/106/3269/front_en.6.400.jpg,Kategori Yok
Karisik meyve suyu,https://images.openfoodfacts.org/images/products/869/507/710/6520/front_fr.3.400.jpg,
Dido Trio,https://images.openfoodfacts.org/images/products/869/050/413/1458/front_en.6.400.jpg,"Snacks, Sweet snacks, Cocoa and its products, Confectioneries, Bars, Chocolate candies, Bars covered with chocolate"
mate viva,https://images.openfoodfacts.org/images/products/000/009/044/8119/front_fr.4.400.jpg,"Aliments et boissons à base de végétaux, Boissons, Boissons à base de végétaux, Boissons gazeuses, Boissons aux fruits, Sodas, Sodas aux fruits"
Nimet,Resim Yok,Kategori Yok
Pepsi,https://images.openfoodfacts.org/images/products/869/057/483/0510/front_ku.8.400.jpg,
Frappuccino Mocha,https://images.openfoodfacts.org/images/products/571/195/307/2024/front_en.8.400.jpg,"Boissons, Produits laitiers, Boissons lactées, Laits concentrés, Boissons au café, en:Coffee milks"
Lipton,https://images.openfoodfacts.org/images/products/869/063/705/5003/front_fr.3.400.jpg,Kategori Yok
damak Chocolate,https://images.openfoodfacts.org/images/products/869/063/224/3726/front_en.4.400.jpg,Kategori Yok
Mayonez,https://images.openfoodfacts.org/images/products/869/507/700/0583/front_tr.8.400.jpg,Mayonez
Will ananas meyveli icecek,https://images.openfoodfacts.org/images/products/869/507/708/5429/front_en.9.400.jpg,Kategori Yok
Roasted sunflower,https://images.openfoodfacts.org/images/products/869/078/726/1033/front_fr.3.400.jpg,Kategori Yok
Ezogelin cabuk corba,https://images.openfoodfacts.org/images/products/869/063/750/3290/front_en.3.400.jpg,Kategori Yok
Olive oil,https://images.openfoodfacts.org/images/products/869/137/522/9763/front_en.9.400.jpg,Kategori Yok
Chocolatier,https://images.openfoodfacts.org/images/products/869/063/794/8848/front_fr.3.400.jpg,Kategori Yok
Biscolata stix choclate and bisquit,https://images.openfoodfacts.org/images/products/869/170/714/0193/front_en.13.400.jpg,Kategori Yok
Hayat Su,https://images.openfoodfacts.org/images/products/869/359/340/0498/front_ar.10.400.jpg,"en:Beverages, en:Waters, Su"
Adicto,https://images.openfoodfacts.org/images/products/869/052/601/8874/front_en.5.400.jpg,Kategori Yok
kenton vanilin,Resim Yok,Kategori Yok
jucy,Resim Yok,Kategori Yok
Fiyonk,https://images.openfoodfacts.org/images/products/869/507/705/6658/front_fr.5.400.jpg,Kategori Yok
sensedyne,https://images.openfoodfacts.org/images/products/869/954/363/0106/front_tr.3.400.jpg,Kategori Yok
Tea mixed apple,https://images.openfoodfacts.org/images/products/741/190/910/0013/front_fr.21.400.jpg,"Beverages, en:teas"
Ruffles ketchup,https://images.openfoodfacts.org/images/products/869/062/410/3571/front_en.10.400.jpg,Snacks
Noisettes,https://images.openfoodfacts.org/images/products/869/089/200/3849/front_fr.3.400.jpg,Kategori Yok
Cerezos fox,https://images.openfoodfacts.org/images/products/869/147/737/7126/front_fr.3.400.jpg,Kategori Yok
Dana Macar Salam,Resim Yok,Kategori Yok
Meyve suyu,https://images.openfoodfacts.org/images/products/868/020/547/2394/front_tr.3.400.jpg,Kategori Yok
bebek sanbuani,https://images.openfoodfacts.org/images/products/869/060/503/2906/front_tr.4.400.jpg,Kategori Yok
Avsar,https://images.openfoodfacts.org/images/products/868/134/903/0228/front_en.7.400.jpg,tr:Gazlı İçecek
Cafe Buendia,https://images.openfoodfacts.org/images/products/770/721/163/0486/front_en.10.400.jpg,"Plant-based foods and beverages, Plant-based foods, Coffees"
emrahsucai,Resim Yok,65930
Strawberry and cacao fruit Bar,https://images.openfoodfacts.org/images/products/868/118/508/6618/front_en.6.400.jpg,"Plant-based foods and beverages, Plant-based foods, Snacks, Fruits and vegetables based foods, Sweet snacks, Cocoa and its products, Confectioneries, Fruits based foods, Bars, Chocolate candies, Bars covered with chocolate"
derby samur 3,https://images.openfoodfacts.org/images/products/869/088/522/3445/front_tr.4.400.jpg,Kategori Yok
Pure life,https://images.openfoodfacts.org/images/products/869/771/355/9981/front_fr.3.400.jpg,Kategori Yok
Sirma vitaminlli boisson,https://images.openfoodfacts.org/images/products/869/105/814/2570/front_tr.13.400.jpg,en:مشروب غازي
Bar cake chocolat blanc,https://images.openfoodfacts.org/images/products/869/050/405/9899/front_en.3.400.jpg,Kategori Yok
cream,https://images.openfoodfacts.org/images/products/869/050/649/8863/front_tr.3.400.jpg,Kategori Yok
dr. oetler kakao,Resim Yok,Kategori Yok
Frappuccino Mocha,https://images.openfoodfacts.org/images/products/571/195/307/2024/front_en.8.400.jpg,"Boissons, Produits laitiers, Boissons lactées, Laits concentrés, Boissons au café, en:Coffee milks"
Lipton,https://images.openfoodfacts.org/images/products/869/063/705/5003/front_fr.3.400.jpg,Kategori Yok
Chocolate marshmallow sandwich,https://images.openfoodfacts.org/images/products/869/172/000/6223/front_en.7.400.jpg,Kategori Yok
Tuna,Resim Yok,Kategori Yok
Doritos Naco Pyenir,https://images.openfoodfacts.org/images/products/869/062/420/2281/front_fr.3.400.jpg,Kategori Yok
sensedyne,https://images.openfoodfacts.org/images/products/869/954/363/0106/front_tr.3.400.jpg,Kategori Yok
Tea mixed apple,https://images.openfoodfacts.org/images/products/741/190/910/0013/front_fr.21.400.jpg,"Beverages, en:teas"
Energy bar,https://images.openfoodfacts.org/images/products/000/002/703/2244/front_nl.4.400.jpg,"Snacks, Zoete snacks, Repen, Voedingssupplementen, Bodybuilding supplementen, Energierepen"
Chocolat  60% Bitter Karadutlu,Resim Yok,Kategori Yok
Ruffles ketchup,https://images.openfoodfacts.org/images/products/869/062/410/3571/front_en.10.400.jpg,Snacks
Karisik meyve suyu,https://images.openfoodfacts.org/images/products/869/507/710/6520/front_fr.3.400.jpg,
Noisettes,https://images.openfoodfacts.org/images/products/869/089/200/3849/front_fr.3.400.jpg,Kategori Yok
Cerezos fox,https://images.openfoodfacts.org/images/products/869/147/737/7126/front_fr.3.400.jpg,Kategori Yok
Boom bastic burger,https://images.openfoodfacts.org/images/products/869/914/105/6025/front_tr.18.400.jpg,"Atıştırmalıklar, en:Sweet snacks, Bisküviler ve kekler, Bisküvi, Çikolatalı bisküvi, en:Bisküvi"
Meyve suyu,https://images.openfoodfacts.org/images/products/868/020/547/2394/front_tr.3.400.jpg,Kategori Yok
lipton,https://images.openfoodfacts.org/images/products/160/167/600/0821/front_tr.4.400.jpg,Kategori Yok
Ihlamur,https://images.openfoodfacts.org/images/products/869/943/221/0891/front_fr.3.400.jpg,Kategori Yok
Granola Chocolate Chips And Hazelnut,https://images.openfoodfacts.org/images/products/868/253/000/0204/front_en.19.400.jpg,"Plant-based foods and beverages, Plant-based foods, Breakfasts, Cereals and potatoes, Cereals and their products, Breakfast cereals, Chocolate cereals, Diet chocolate breakfast cereals"
Varim %100 bira,Resim Yok,"İçecekler, Alkollü içecekler, Bira"
Cappuccino,Resim Yok,Kaffe
Nesfit,https://images.openfoodfacts.org/images/products/869/063/270/4630/front_en.4.400.jpg,Kategori Yok
yarim yagli eritme peyniri,https://images.openfoodfacts.org/images/products/869/238/850/6766/front_tr.4.400.jpg,Peynir
Gofrik,https://images.openfoodfacts.org/images/products/869/927/001/3418/front_en.7.400.jpg,"Atıştırmalıklar, en:Sweet snacks, Kakao ve kakao ürünleri, en:Confectioneries, en:Bars, en:Chocolate candies, Çikolatalar, en:Bars covered with chocolate"
Goldbears,https://images.openfoodfacts.org/images/products/869/121/601/8891/front_en.3.400.jpg,Gummy bears
Double roasted mixed nuts,https://images.openfoodfacts.org/images/products/869/123/040/7787/front_fr.3.400.jpg,Kategori Yok
Cicibebe,https://images.openfoodfacts.org/images/products/869/053/302/1133/front_en.4.400.jpg,Kategori Yok
Arko Nem,Resim Yok,"Hazır yemek, en:Nems"
Moutarde de Dijon - French Mustard - Petits Gourmets,https://images.openfoodfacts.org/images/products/315/869/778/1737/front_fr.3.400.jpg,"Condiments, Sauces, Moutardes, en:groceries"
Kraker,https://images.openfoodfacts.org/images/products/869/050/475/2929/front_en.3.400.jpg,Kategori Yok
biray,Resim Yok,34
McVities,https://images.openfoodfacts.org/images/products/869/050/408/1944/front_tr.11.400.jpg,"Atıştırmalıklar, en:Sweet snacks, Bisküviler ve kekler, Bisküvi, Çikolatalı bisküvi"
Limonata,Resim Yok,Kategori Yok
Lahana Sarma / Choux blancs farcis - 400 GR,https://images.openfoodfacts.org/images/products/869/157/302/4191/front_en.4.400.jpg,Kategori Yok
Cerezos fox,https://images.openfoodfacts.org/images/products/869/147/737/7126/front_fr.3.400.jpg,Kategori Yok
Corn flakes,https://images.openfoodfacts.org/images/products/869/050/427/1994/front_fr.3.400.jpg,en:corn-flakes
bony vita,Resim Yok,Kategori Yok
Hazelnut spread,https://images.openfoodfacts.org/images/products/868/341/700/0102/front_en.9.400.jpg,"Breakfasts, Spreads, Sweet spreads"
Amada Duomax,https://images.openfoodfacts.org/images/products/869/170/709/5936/front_en.3.400.jpg,Kategori Yok
Vitamin c,https://images.openfoodfacts.org/images/products/869/008/802/4955/front_fr.3.400.jpg,"Compléments alimentaires, Vitamines"
studi,Resim Yok,en:120
Monarch gold,https://images.openfoodfacts.org/images/products/871/459/961/0336/front_fr.3.400.jpg,Kategori Yok
fromage blanc de brebis en saumure,https://images.openfoodfacts.org/images/products/380/023/123/0156/front_fr.10.400.jpg,"Produits laitiers, Produits fermentés, Produits laitiers fermentés, Fromages, Fromages de brebis"
Meyve suyu,https://images.openfoodfacts.org/images/products/868/020/547/2394/front_tr.3.400.jpg,Kategori Yok
Performance,Resim Yok,Kategori Yok
johnson,https://images.openfoodfacts.org/images/products/357/466/153/1755/front_tr.4.400.jpg,Open Beauty Facts
Earl Grey Whole leaf tea,https://images.openfoodfacts.org/images/products/479/224/285/7431/front_en.4.400.jpg,"Plant-based foods and beverages, Beverages, Hot beverages, Plant-based beverages, Teas, Black teas"
Choquise,https://images.openfoodfacts.org/images/products/871/917/984/3791/front_en.9.400.jpg,Kategori Yok
Kelebek - Farfalle,Resim Yok,"Plant-based foods and beverages, Plant-based foods, Cereals and potatoes, Cereals and their products, Pastas, Cereal pastas, en:dry-pastas"
HARIBO CHAMALLOWS,https://images.openfoodfacts.org/images/products/869/121/609/7162/front_en.6.400.jpg,"Snacks, Sweet snacks, Confectioneries, Candies"
Chocolat  60% Bitter Karadutlu,Resim Yok,Kategori Yok
Lays Klasik Mega 193gr,https://images.openfoodfacts.org/images/products/869/062/410/2277/front_en.7.400.jpg,Kategori Yok
MONIN Haselnuss Sirup Light,https://images.openfoodfacts.org/images/products/400/807/774/3352/front_de.19.400.jpg,Sirups
Cappuccino,Resim Yok,Kaffe
Coated Cream Cake With Coconut,Resim Yok,Kategori Yok
Activia,Resim Yok,Probiyotik Shot
kenton vanilin,Resim Yok,Kategori Yok
Freeze-Dried Strawberry,https://images.openfoodfacts.org/images/products/200/000/013/0657/front_en.8.400.jpg,"Snacks, Freeze-dried foods"
Ezogelin cabuk corba,https://images.openfoodfacts.org/images/products/869/063/750/3290/front_en.3.400.jpg,Kategori Yok
Halley,https://images.openfoodfacts.org/images/products/869/050/403/4032/front_fr.3.400.jpg,Kategori Yok
Gofrik,https://images.openfoodfacts.org/images/products/869/927/001/3418/front_en.7.400.jpg,"Atıştırmalıklar, en:Sweet snacks, Kakao ve kakao ürünleri, en:Confectioneries, en:Bars, en:Chocolate candies, Çikolatalar, en:Bars covered with chocolate"
Goldbears,https://images.openfoodfacts.org/images/products/869/121/601/8891/front_en.3.400.jpg,Gummy bears
la Vache qui rit,Resim Yok,Kategori Yok
Moutarde de Dijon - French Mustard - Petits Gourmets,https://images.openfoodfacts.org/images/products/315/869/778/1737/front_fr.3.400.jpg,"Condiments, Sauces, Moutardes, en:groceries"
Kraker,https://images.openfoodfacts.org/images/products/869/050/475/2929/front_en.3.400.jpg,Kategori Yok
Frappuccino Mocha,https://images.openfoodfacts.org/images/products/571/195/307/2024/front_en.8.400.jpg,"Boissons, Produits laitiers, Boissons lactées, Laits concentrés, Boissons au café, en:Coffee milks"
McVities,https://images.openfoodfacts.org/images/products/869/050/408/1944/front_tr.11.400.jpg,"Atıştırmalıklar, en:Sweet snacks, Bisküviler ve kekler, Bisküvi, Çikolatalı bisküvi"
Lipton,https://images.openfoodfacts.org/images/products/869/063/705/5003/front_fr.3.400.jpg,Kategori Yok
Mixed Fruit Nectar,https://images.openfoodfacts.org/images/products/000/008/692/5082/front_fr.3.400.jpg,
Natural Yoghurt,https://images.openfoodfacts.org/images/products/868/132/400/4039/front_en.3.400.jpg,en:yogurts
Doritos Naco Pyenir,https://images.openfoodfacts.org/images/products/869/062/420/2281/front_fr.3.400.jpg,Kategori Yok
Lahana Sarma / Choux blancs farcis - 400 GR,https://images.openfoodfacts.org/images/products/869/157/302/4191/front_en.4.400.jpg,Kategori Yok
cream,https://images.openfoodfacts.org/images/products/869/050/649/8863/front_tr.3.400.jpg,Kategori Yok
Bursa Muradiya,https://images.openfoodfacts.org/images/products/868/182/338/6056/front_fr.4.400.jpg,Kategori Yok
LEVADURA INSTANTANEA PAKMAYA,https://images.openfoodfacts.org/images/products/869/077/032/0235/front_ar.7.400.jpg,Kategori Yok
Ruffles ketchup,https://images.openfoodfacts.org/images/products/869/062/410/3571/front_en.10.400.jpg,Snacks
Eti Finger Biscuit -,https://images.openfoodfacts.org/images/products/869/053/377/1021/front_en.6.400.jpg,en:biscuits
Sivri Bamya,https://images.openfoodfacts.org/images/products/869/057/506/4310/front_tr.16.400.jpg,"Gombos, Gombos en conserve"
Lomos de bacalao salado,https://images.openfoodfacts.org/images/products/000/004/088/9764/front_fr.3.400.jpg,Kategori Yok
Erdnuss Riegel,https://images.openfoodfacts.org/images/products/869/078/782/1015/front_en.4.400.jpg,Kategori Yok
a,Resim Yok,Kategori Yok
Raw crakers,https://images.openfoodfacts.org/images/products/871/892/401/9481/front_fr.4.400.jpg,Kategori Yok
yarim yagli eritme peyniri,https://images.openfoodfacts.org/images/products/869/238/850/6766/front_tr.4.400.jpg,Peynir
Cappy Cerise,https://images.openfoodfacts.org/images/products/544/900/024/9265/front_fr.4.400.jpg,Kategori Yok
Lentil chips,https://images.openfoodfacts.org/images/products/868/198/200/3153/front_fr.3.400.jpg,Kategori Yok
Sniti,https://images.openfoodfacts.org/images/products/869/507/751/7944/front_tr.4.400.jpg,Kategori Yok
mate viva,https://images.openfoodfacts.org/images/products/000/009/044/8119/front_fr.4.400.jpg,"Aliments et boissons à base de végétaux, Boissons, Boissons à base de végétaux, Boissons gazeuses, Boissons aux fruits, Sodas, Sodas aux fruits"
Oat Bran,https://images.openfoodfacts.org/images/products/869/655/406/0373/front_fr.3.400.jpg,Kategori Yok
studi,Resim Yok,en:120
Karisik meyve suyu,https://images.openfoodfacts.org/images/products/869/507/710/6520/front_fr.3.400.jpg,
Kraker,https://images.openfoodfacts.org/images/products/869/050/475/2929/front_en.3.400.jpg,Kategori Yok
Sniti,https://images.openfoodfacts.org/images/products/869/507/751/7944/front_tr.4.400.jpg,Kategori Yok
Mini cheetis,https://images.openfoodfacts.org/images/products/869/062/400/3093/front_fr.3.400.jpg,
Lentil chips,https://images.openfoodfacts.org/images/products/868/198/200/3153/front_fr.3.400.jpg,Kategori Yok
Tuna,Resim Yok,Kategori Yok
jucy,Resim Yok,Kategori Yok
nescafe 2x1,https://images.openfoodfacts.org/images/products/869/063/203/8407/front_ar.4.400.jpg,Kategori Yok
yulaf,https://images.openfoodfacts.org/images/products/869/507/709/2472/front_tr.3.400.jpg,Kategori Yok
mini cake,https://images.openfoodfacts.org/images/products/869/035/117/0334/front_tr.4.400.jpg,Kategori Yok
Bursa Muradiya,https://images.openfoodfacts.org/images/products/868/182/338/6056/front_fr.4.400.jpg,Kategori Yok
Omega 3-6-9,https://images.openfoodfacts.org/images/products/869/790/323/1741/front_fr.3.400.jpg,Kategori Yok
Choquise,https://images.openfoodfacts.org/images/products/871/917/984/3791/front_en.9.400.jpg,Kategori Yok
Delikatessen Sauerkonserven,https://images.openfoodfacts.org/images/products/869/077/756/4007/front_en.6.400.jpg,"Plant-based foods and beverages, Plant-based foods, Canned foods, Fruits and vegetables based foods, Canned plant-based foods, Vegetables based foods, Canned vegetables"
Dardanel,Resim Yok,Kategori Yok
Will ananas meyveli icecek,https://images.openfoodfacts.org/images/products/869/507/708/5429/front_en.9.400.jpg,Kategori Yok
Eau gazeuse au citron,https://images.openfoodfacts.org/images/products/869/139/570/0013/front_fr.3.400.jpg,Kategori Yok
Ma Sante Tiramisu,https://images.openfoodfacts.org/images/products/869/507/701/7895/front_tr.4.400.jpg,en:tiramisu
Activia,Resim Yok,Probiyotik Shot
Granola Chocolate Chips And Hazelnut,https://images.openfoodfacts.org/images/products/868/253/000/0204/front_en.19.400.jpg,"Plant-based foods and beverages, Plant-based foods, Breakfasts, Cereals and potatoes, Cereals and their products, Breakfast cereals, Chocolate cereals, Diet chocolate breakfast cereals"
Raw crakers,https://images.openfoodfacts.org/images/products/871/892/401/9481/front_fr.4.400.jpg,Kategori Yok
Halley,https://images.openfoodfacts.org/images/products/869/050/403/4032/front_fr.3.400.jpg,Kategori Yok
Beef,https://images.openfoodfacts.org/images/products/869/747/172/1019/front_en.5.400.jpg,"Meats and their products, Meats, Prepared meats, Cured sausages, Salami, Beef salami"
Magnesium Malate 1250 mg 180 Tab,Resim Yok,Kategori Yok
Arko Nem,Resim Yok,"Hazır yemek, en:Nems"
Cappy Cerise,https://images.openfoodfacts.org/images/products/544/900/024/9265/front_fr.4.400.jpg,Kategori Yok
no:1 Hazelnut,https://images.openfoodfacts.org/images/products/869/012/006/0187/front_en.6.400.jpg,"Snacks, Sweet snacks, Cocoa and its products, Confectioneries, Bars, Biscuits and cakes, Chocolate candies, Biscuits, Chocolates, Chocolate biscuits, Milk chocolates, Wafers, Bars covered with chocolate, Stuffed wafers, Chocolate stuffed wafers, Chocolates with hazelnuts, Milk chocolates with hazelnuts"
Oat Bran,https://images.openfoodfacts.org/images/products/869/655/406/0373/front_fr.3.400.jpg,Kategori Yok
Special K,https://images.openfoodfacts.org/images/products/869/050/427/2328/front_en.6.400.jpg,"Plant-based foods and beverages,Plant-based foods,Breakfasts,Cereals and potatoes,Cereals and their products,Breakfast cereals,mixed cereal flakes"
Rioba Kahve Cappuccino,https://images.openfoodfacts.org/images/products/869/623/611/0266/front_tr.4.400.jpg,Kahve
Monarch gold,https://images.openfoodfacts.org/images/products/871/459/961/0336/front_fr.3.400.jpg,Kategori Yok
Coated Cream Cake With Coconut,Resim Yok,Kategori Yok
la Vache qui rit,Resim Yok,Kategori Yok
Petit beurre biscuit Milk flavor,Resim Yok,Kategori Yok
Vitamin c,https://images.openfoodfacts.org/images/products/869/008/802/4955/front_fr.3.400.jpg,"Compléments alimentaires, Vitamines"
Freeze-Dried Strawberry,https://images.openfoodfacts.org/images/products/200/000/013/0657/front_en.8.400.jpg,"Snacks, Freeze-dried foods"
Spaghetti,https://images.openfoodfacts.org/images/products/869/743/088/5493/front_en.4.400.jpg,"Plant-based foods and beverages, Plant-based foods, Pastas"
Bar cake chocolat blanc,https://images.openfoodfacts.org/images/products/869/050/405/9899/front_en.3.400.jpg,Kategori Yok
Jack daniel's 1L,https://images.openfoodfacts.org/images/products/509/987/309/0183/front_fr.3.400.jpg,"Beverages, Alcoholic beverages, en:american-whiskeys"
Uludag limonata nane aromali,https://images.openfoodfacts.org/images/products/869/072/318/3504/front_fr.3.400.jpg,Kategori Yok
mahbuba coffee,https://images.openfoodfacts.org/images/products/869/941/543/1923/front_tr.7.400.jpg,en:coffees
Magnum mini almond,Resim Yok,Kategori Yok
cream,https://images.openfoodfacts.org/images/products/869/050/649/8863/front_tr.3.400.jpg,Kategori Yok
Findux,https://images.openfoodfacts.org/images/products/869/911/801/4713/front_fr.3.400.jpg,Hazelnut spreads
O deep,https://images.openfoodfacts.org/images/products/370/128/177/0015/front_fr.3.400.jpg,Kategori Yok
Natural Yoghurt,https://images.openfoodfacts.org/images/products/868/132/400/4039/front_en.3.400.jpg,en:yogurts
ETI FORM,https://images.openfoodfacts.org/images/products/869/052/609/4090/front_en.8.400.jpg,"Snacks, Salty snacks, Appetizers, Crackers, Wheat crackers, en:biscuits"
Schweppes Mandarin,https://images.openfoodfacts.org/images/products/000/004/210/4896/front_fr.3.400.jpg,Kategori Yok
Eti Finger Biscuit -,https://images.openfoodfacts.org/images/products/869/053/377/1021/front_en.6.400.jpg,en:biscuits
Lait de noisettes,Resim Yok,Kategori Yok
Haribo worms,Resim Yok,Kategori Yok
Aymen Hanune,Resim Yok,Kategori Yok
Master farm,https://images.openfoodfacts.org/images/products/868/219/085/3837/front_tr.3.400.jpg,Çerez
Krispi pops,https://images.openfoodfacts.org/images/products/869/050/411/6318/front_tr.4.400.jpg,Kategori Yok
ETI FORM,https://images.openfoodfacts.org/images/products/869/052/609/4090/front_en.8.400.jpg,"Snacks, Salty snacks, Appetizers, Crackers, Wheat crackers, en:biscuits"
O deep,https://images.openfoodfacts.org/images/products/370/128/177/0015/front_fr.3.400.jpg,Kategori Yok
Griz,Resim Yok,Kategori Yok
Cicibebe,https://images.openfoodfacts.org/images/products/869/053/302/1133/front_en.4.400.jpg,Kategori Yok
Pinar lait,https://images.openfoodfacts.org/images/products/000/008/690/3103/front_tr.4.400.jpg,
Biscolata,Resim Yok,Kategori Yok
Schweppes Mandarin,https://images.openfoodfacts.org/images/products/000/004/210/4896/front_fr.3.400.jpg,Kategori Yok
Berries,https://images.openfoodfacts.org/images/products/869/507/707/1576/front_tr.16.400.jpg,"Atıştırmalıklar, en:Sweet snacks, en:Confectioneries, en:Candies, en:Gummi candies, en:Jelly beans, Jelatin, Jelibon, Yumuşak şeker"
Tuborg,Resim Yok,"İçecekler, Alkollü içecekler, Bira, Speclal"
Lait de noisettes,Resim Yok,Kategori Yok
mate viva,https://images.openfoodfacts.org/images/products/000/009/044/8119/front_fr.4.400.jpg,"Aliments et boissons à base de végétaux, Boissons, Boissons à base de végétaux, Boissons gazeuses, Boissons aux fruits, Sodas, Sodas aux fruits"
yarim yagli eritme peyniri,https://images.openfoodfacts.org/images/products/869/238/850/6766/front_tr.4.400.jpg,Peynir
Ulker Biskrem Cocoa Biscuit,https://images.openfoodfacts.org/images/products/869/050/401/4201/front_fr.11.400.jpg,"Snacks, Snacks sucrés, Biscuits et gâteaux, Biscuits"
a,Resim Yok,Kategori Yok
bonaqua viva alma,Resim Yok,Kategori Yok
Metro,https://images.openfoodfacts.org/images/products/869/050/415/2071/front_en.7.400.jpg,Kategori Yok
Erdnuss Riegel,https://images.openfoodfacts.org/images/products/869/078/782/1015/front_en.4.400.jpg,Kategori Yok
Noix de Cajou,https://images.openfoodfacts.org/images/products/869/078/731/1059/front_fr.4.400.jpg,"Aliments et boissons à base de végétaux, Aliments d'origine végétale, Snacks, Snacks salés, Fruits à coques et dérivés, Fruits à coques, Fruits à coque grillés, Fruits à coque salés, Noix de cajou, Noix de Cajou grillées, Noix de cajou salées"
Cafe Art,https://images.openfoodfacts.org/images/products/869/056/501/7616/front_fr.3.400.jpg,"Aliments et boissons à base de végétaux, Aliments d'origine végétale, Cafés"
Chocolate wafers,https://images.openfoodfacts.org/images/products/869/743/930/1000/front_en.4.400.jpg,Kategori Yok
Chocolat  60% Bitter Karadutlu,Resim Yok,Kategori Yok
MONIN Haselnuss Sirup Light,https://images.openfoodfacts.org/images/products/400/807/774/3352/front_de.19.400.jpg,Sirups
umran,https://images.openfoodfacts.org/images/products/869/050/405/0056/front_tr.8.400.jpg,Kategori Yok
Doritos Naco Pyenir,https://images.openfoodfacts.org/images/products/869/062/420/2281/front_fr.3.400.jpg,Kategori Yok
Chocolate marshmallow sandwich,https://images.openfoodfacts.org/images/products/869/172/000/6223/front_en.7.400.jpg,Kategori Yok
Latte,Resim Yok,Kategori Yok
Eti Finger Biscuit -,https://images.openfoodfacts.org/images/products/869/053/377/1021/front_en.6.400.jpg,en:biscuits
Magnum mini almond,Resim Yok,Kategori Yok
Bar cake chocolat blanc,https://images.openfoodfacts.org/images/products/869/050/405/9899/front_en.3.400.jpg,Kategori Yok
Ma Sante Tiramisu,https://images.openfoodfacts.org/images/products/869/507/701/7895/front_tr.4.400.jpg,en:tiramisu
Dardanel,Resim Yok,Kategori Yok
cream,https://images.openfoodfacts.org/images/products/869/050/649/8863/front_tr.3.400.jpg,Kategori Yok
bony vita,Resim Yok,Kategori Yok
Natural Yoghurt,https://images.openfoodfacts.org/images/products/868/132/400/4039/front_en.3.400.jpg,en:yogurts
Sour Rope Candy Apple Flavour,https://images.openfoodfacts.org/images/products/868/145/152/0815/front_en.16.400.jpg,"Snacks, Sweet snacks, Confectioneries, Candies"
